AREANM,AREACD,1997,1998,1999,2000,2001,2002,2003,2004,2005,2006,2007,2008,2009,2010,2011,2012,2013,2014,2015,2016,Region_Group
Hartlepool and Stockton-on-Tees,UKC11,9269,9362,9765,10281,10721,11068,11302,11744,12177,12633,12923,13241,13741,13887,14244,14734,14752,15121,15622,15291,Other
South Teesside,UKC12,8988,8799,9201,9820,10289,10363,10532,10913,11289,11753,11904,12160,12901,12893,13144,13991,14124,14601,14972,14753,Other
Darlington,UKC13,9637,9656,9753,10681,11538,11639,11929,12187,12391,12623,13222,13219,13881,13806,13700,14341,14729,14856,15537,15487,Other
Durham CC,UKC14,9238,9573,9886,10470,10868,11038,11207,11747,11944,12295,12529,12775,13232,13522,13655,14161,14430,14718,15325,15221,Other
Northumberland,UKC21,10301,10563,11021,11820,12276,12504,13027,13432,13675,14505,14803,15681,16629,16469,16617,17288,17681,17842,18522,18016,Other
Tyneside,UKC22,9209,9594,9669,10261,10734,10998,11294,11789,11806,12197,12523,12681,13275,13493,13618,14350,14542,14759,15489,15505,Other
Sunderland,UKC23,8515,8589,8990,9664,10029,10335,10562,10862,11258,11591,12006,12189,12626,12863,13139,13781,14111,14111,14563,14998,Northern England
West Cumbria,UKD11,9028,9553,9717,10440,11020,11025,11464,12021,12315,12895,13692,13910,14422,14747,14940,15858,16114,16411,17281,17578,Other
East Cumbria,UKD12,10952,11509,11767,12075,12935,13355,13963,14464,14993,15472,15802,16110,16870,17196,17215,17962,18623,18997,19843,19928,Other
Manchester,UKD33,7181,7553,8173,8633,8996,9431,9483,9713,10093,10385,10673,10903,11398,11382,11593,11927,12258,12514,13189,13184,Northern England
Greater Manchester South West,UKD34,11958,12268,12823,13618,13901,14259,14500,14879,15257,15641,16088,16271,16520,16402,16554,17133,17395,17624,18809,18786,Northern England
Greater Manchester South East,UKD35,9898,10151,10791,11467,11702,12027,12394,12557,12983,13465,13950,14181,14785,14924,15186,15789,16209,16647,17463,17561,Northern England
Greater Manchester North West,UKD36,9951,10185,10651,11254,11614,11837,12072,12450,12707,13140,13589,13697,14005,14057,14152,14757,15060,15174,15450,15351,Northern England
Greater Manchester North East,UKD37,9090,9343,9834,10404,10774,11026,11160,11568,11845,12272,12715,12877,13245,13280,13413,14075,14492,14826,15435,15284,Northern England
Blackburn with Darwen,UKD41,8474,8626,9048,9166,9432,9395,9729,9966,10469,10776,10951,10916,11132,11453,11422,11630,11722,12074,12497,12450,Other
Blackpool,UKD42,9597,9838,9908,10766,10913,11044,10828,10974,11139,11373,11882,12176,12675,12845,13281,13446,13681,13986,14404,14795,Other
Lancaster and Wyre,UKD44,9241,9555,9839,10539,10982,11389,11724,12105,12492,12904,13403,13773,14522,14491,14686,15073,15499,15778,16212,16355,Other
Mid Lancashire,UKD45,10815,11115,11381,12136,12682,12946,13310,13718,14158,14589,15083,15416,16054,15973,16139,16570,16805,17195,18083,17843,Other
East Lancashire,UKD46,8318,8560,8846,9386,9768,9970,10286,10714,11244,11603,12200,12681,13154,13163,13390,13698,14063,14152,14864,14808,Other
Chorley and West Lancashire,UKD47,10408,10599,10990,11789,12246,12593,12964,13390,13873,14290,14828,15236,15860,15781,16188,16669,16863,17249,18456,18660,Other
Warrington,UKD61,10432,10814,11215,12218,12792,13043,13371,14094,14328,14831,15535,15599,15843,15905,16226,17162,17269,17760,19071,19377,Other
Cheshire East,UKD62,12171,12540,13093,13664,13904,14822,15552,15996,16505,17033,17534,17863,18435,18315,18518,19267,20306,20899,22065,22025,Other
Cheshire West and Chester,UKD63,11089,11380,11954,12479,12749,13528,14315,14946,15404,15808,16359,16852,17455,17352,17384,18273,18730,19064,19858,19372,Other
East Merseyside,UKD71,8232,8499,8915,9658,10151,10431,10756,11178,11615,11977,12616,12923,13440,13499,13657,14144,14432,14605,15247,15334,Other
Liverpool,UKD72,8445,8621,9098,9597,10092,10328,10637,10966,11129,11661,12025,12046,12627,12725,12879,13348,13723,14049,14566,14538,Northern England
Sefton,UKD73,11403,11796,12055,12103,11914,12419,12786,13148,13691,13958,14364,14697,15588,15670,15760,16480,17014,16958,17762,17672,Other
Wirral,UKD74,10261,10677,11124,11861,12268,12825,13237,13410,13537,13781,14488,14866,15495,15542,15595,16239,16684,16948,17499,17362,Other
"Kingston upon Hull, City of",UKE11,7411,7791,8237,9031,9548,9833,9837,9965,10164,10239,10584,10896,11426,11451,11786,12155,12264,12605,13103,13380,Northern England
East Riding of Yorkshire,UKE12,10802,11065,11873,12220,12202,12707,13181,13774,14299,14918,15270,15456,15889,15962,16317,16707,16901,17167,18215,18427,Other
North and North East Lincolnshire,UKE13,9293,9711,9908,10294,10706,10988,11403,11742,11941,12348,13042,13072,13206,13206,13731,14144,14230,14421,14958,14994,Other
York,UKE21,10532,11347,12061,12499,13033,13614,13547,13181,13442,14133,14898,14995,15567,15527,15685,16462,16760,17307,17909,18070,Other
North Yorkshire CC,UKE22,11701,12492,12614,12820,13244,13844,14232,14710,15516,16437,16889,17242,17936,17657,18047,18792,19150,19238,20403,20611,Other
"Barnsley, Doncaster and Rotherham",UKE31,8747,9106,9562,10206,10582,10825,11186,11427,11753,12116,12597,12693,12996,13150,13525,14079,14471,14875,15388,15540,Other
Sheffield,UKE32,9331,9629,10031,10546,11144,11458,11666,12213,12208,12393,12649,12980,13445,13233,13280,13697,13911,14362,14854,15057,Northern England
Bradford,UKE41,9314,9562,9975,10652,10609,10832,10957,11362,11412,11663,12069,12240,12483,12345,12465,12892,13331,13666,14302,14444,Other
Leeds,UKE42,10178,10513,10879,11730,12080,12366,12631,12770,12986,13391,14023,14290,14545,14575,14907,15278,15693,15923,16647,16814,Northern England
Calderdale and Kirklees,UKE44,9519,9905,10251,10894,11178,11410,11818,12231,12505,12846,13377,13461,13715,13710,13924,14490,14905,15181,15934,16092,Other
Wakefield,UKE45,9311,9719,10039,10694,11028,11414,11852,12287,12645,13015,13646,13688,13936,14073,14022,14505,14876,15107,15830,15955,Other
Derby,UKF11,9300,9539,9898,9963,10483,10914,11128,11527,11440,12156,12437,12369,13073,12585,12581,13390,13792,14331,14934,15078,Midlands
East Derbyshire,UKF12,8612,9049,9584,10015,10819,11128,11316,11644,11986,12546,13187,13170,13364,13269,13557,14131,14401,14649,15561,15490,Midlands
South and West Derbyshire,UKF13,9685,10068,10520,11080,11542,11958,12803,13379,13838,14312,14979,15274,15439,15374,15965,16568,17270,17456,18646,18985,Midlands
Nottingham,UKF14,8304,8674,9049,9452,9654,9864,9927,9768,9924,10122,10542,10781,10817,10728,10761,11109,11679,11911,12397,12232,Midlands
North Nottinghamshire,UKF15,9046,9586,9916,10574,11003,11407,11738,12345,12567,12818,13644,13980,14342,14132,14228,14685,14934,15348,16297,16339,Midlands
South Nottinghamshire,UKF16,11038,11492,11914,12308,12988,13356,13850,14316,14610,15155,16089,16529,16826,16557,16602,17502,17965,18391,19146,19484,Midlands
Leicester,UKF21,8348,8267,8660,9221,9568,9843,9997,10196,10110,10304,10760,10647,10953,11127,11178,11640,11863,12049,12599,12848,Midlands
Leicestershire CC and Rutland,UKF22,11144,11480,11783,12344,12726,13101,13697,14177,14588,14955,15652,15770,16111,16109,16436,16987,17274,17628,18499,18427,Midlands
West Northamptonshire,UKF24,10975,11238,11569,12485,12905,13033,13404,13832,14366,14995,16069,16113,16058,16022,17008,17851,18248,18709,19751,20062,Other
North Northamptonshire,UKF25,10271,10579,10859,11527,11899,12080,12584,13052,13645,14236,15152,15427,15496,15310,15649,16374,16891,17263,18319,18315,Other
Lincolnshire,UKF30,10106,10455,10714,11179,11549,11828,12317,12741,13244,13504,14220,14560,14869,14982,15374,15901,16154,16495,17008,16853,Other
"Herefordshire, County of",UKG11,10259,10803,10974,11607,12205,12648,13064,13735,14070,14909,15103,15692,16091,16387,16926,17342,17900,17978,19016,19089,Other
Worcestershire,UKG12,11161,11886,12118,12619,13125,13577,13795,14484,15092,15854,15936,16297,16599,16404,16715,17275,17895,18412,19504,19769,Other
Warwickshire,UKG13,11626,12146,12569,13487,13987,14366,14802,15233,15449,15970,16466,17037,17356,17312,17678,18394,18981,19634,20898,21290,Other
Telford and Wrekin,UKG21,10090,10406,10582,10513,10446,10899,11450,11943,11870,12391,12877,13071,13418,13594,14086,14665,14913,15192,16064,16291,Other
Shropshire CC,UKG22,10773,11448,11544,12035,12273,12688,13161,13739,13988,14766,15123,15957,16384,16251,16599,16961,17298,17602,18705,18856,Other
Stoke-on-Trent,UKG23,8260,8480,9009,9421,9500,9646,9936,10220,10738,10856,11405,11572,11846,11939,12270,12704,13120,13283,13863,14075,Other
Staffordshire CC,UKG24,10276,10819,11144,11736,12345,12685,13017,13175,13564,14157,14589,15098,15339,15359,15493,16038,16535,16924,17887,18184,Other
Birmingham,UKG31,8803,9175,9453,10107,10485,10674,10819,11076,11067,11412,11644,11899,12163,12344,12439,12814,13064,13485,14034,14093,Midlands
Solihull,UKG32,12156,12679,13094,14109,15298,15780,15991,16292,16576,16815,17231,17450,17745,17745,18143,18866,19869,20422,21695,21927,Northern England
Coventry,UKG33,8998,9193,9518,10373,10814,11136,11134,11614,11479,11650,12251,12510,12929,13069,13212,13499,13741,13924,14226,14175,Midlands
Dudley,UKG36,9656,10058,10356,10887,11120,11249,11439,11883,11977,12307,12530,12683,13271,13504,13646,14266,14629,14951,15602,15878,Other
Sandwell,UKG37,8180,8516,8804,9328,9566,9754,9917,10222,10306,10484,10676,10858,11238,11372,11568,11979,12145,12608,13242,13164,Other
Walsall,UKG38,8883,9342,9572,9991,10193,10487,10568,10830,10842,11021,11273,11567,11971,12030,12223,12622,13053,13532,13997,13791,Other
Wolverhampton,UKG39,8936,9353,9689,10136,10451,10646,10749,11005,11067,11250,11580,11909,12259,12303,12408,12730,13034,13375,13879,13926,Other
Peterborough,UKH11,9916,10344,11033,11751,12095,12320,12281,12359,12634,13308,13856,14039,14093,14205,14310,14864,15262,15844,16630,16563,Other
Cambridgeshire CC,UKH12,11517,12031,12636,13313,13527,14129,14124,14747,15651,16274,16762,17139,17520,17433,17498,18323,19086,19807,20880,21322,Other
Suffolk,UKH14,10222,10433,10708,11699,12296,12671,12942,13405,13853,14202,14667,15509,16028,15980,16043,16790,17190,17480,18485,18774,Other
Norwich and East Norfolk,UKH15,10042,10333,10521,11136,11700,11930,12139,12397,12750,12802,13446,14048,14438,14687,15093,15759,16036,16217,17290,17431,Other
North and West Norfolk,UKH16,9574,9802,10077,10722,11393,11690,11948,12218,12733,12817,13443,14148,14702,15084,15511,16190,16551,16728,17515,17749,Other
Breckland and South Norfolk,UKH17,10381,10678,10806,11474,12081,12240,12485,12831,13292,13456,14118,14691,14919,15148,15511,16197,16264,16540,17460,17419,Other
Luton,UKH21,9260,8994,9417,10047,10691,11063,11333,11554,11710,11817,12128,12330,12597,12722,12879,13364,13592,13987,14448,14889,Other
Hertfordshire,UKH23,13267,13969,14135,15352,16156,16472,16776,17142,17644,18457,19345,19772,20365,20094,20163,21187,22184,22826,24244,24311,Other
Bedford,UKH24,11406,11560,11972,12578,12664,13240,13417,13812,14418,14935,15431,16024,16547,16757,17010,17501,17898,18279,19767,20136,Other
Central Bedfordshire,UKH25,12129,12358,12848,13634,13891,14519,14666,14989,15558,15984,16389,16933,17379,17697,17732,18459,19209,19377,20294,20719,Other
Southend-on-Sea,UKH31,10676,11073,11615,12354,13115,13641,13962,13978,14253,14621,15057,15363,15910,15992,16113,16648,17196,17596,18607,19088,Other
Thurrock,UKH32,10133,10372,10563,10810,11311,12013,12443,12712,13036,13397,13936,14482,14882,14990,15054,15558,15886,16458,17206,17507,Other
Essex Haven Gateway,UKH34,10134,10458,11094,11695,12292,12794,13001,13490,13942,14280,14757,15366,15981,15765,16105,16743,17262,17444,18242,18587,South East
West Essex,UKH35,13429,13761,14325,15161,15706,16070,16282,16920,17674,18054,18610,19371,19547,19153,19557,20448,20838,21110,23403,23776,South East
Heart of Essex,UKH36,13661,13919,14605,15358,15964,16326,16568,16919,17387,17868,18395,19092,19594,19279,19508,20275,20707,21288,22079,22211,South East
Essex Thames Gateway,UKH37,11434,11711,12288,12858,13547,13991,14270,14664,15089,15441,15933,16567,17150,16965,17177,17818,18026,18161,19215,19667,South East
Camden and City of London,UKI31,18600,20654,21711,24138,24060,24107,24621,26687,29583,32472,35709,38910,38249,36235,34980,37966,41751,42116,45133,45225,London
Westminster,UKI32,21079,22028,23911,26140,26516,26218,26702,28500,30790,33768,37568,40193,41057,39555,38707,42194,46400,48620,51511,50910,London
Kensington & Chelsea and Hammersmith & Fulham,UKI33,27630,28204,29111,31520,31184,30662,31327,33340,35762,39309,43444,46177,45838,43939,42838,47046,52377,55611,59612,58816,London
Wandsworth,UKI34,14012,15615,17256,19516,20131,20093,20439,21921,24287,26440,29240,30340,30516,29032,27745,29872,32557,34341,36264,37288,London
Hackney and Newham,UKI41,6448,7061,7805,8884,9492,9814,10384,11194,12329,13389,14288,14700,14892,14911,15038,15973,16920,17413,18704,19261,London
Tower Hamlets,UKI42,13122,13624,14171,15289,15731,15809,16255,16936,17838,18799,19742,19970,20160,20138,19996,20977,21469,21719,23123,23227,Other
Haringey and Islington,UKI43,15262,15763,16783,17997,18388,18727,19017,19889,20879,22179,23525,23841,23687,24000,24086,25669,26091,26916,28424,28188,London
Lewisham and Southwark,UKI44,10070,10578,11280,12285,12667,12965,13578,14294,15233,16205,17191,17533,17661,18370,18292,19471,20253,21225,22648,22724,Other
Lambeth,UKI45,11141,11639,12486,13653,13932,14217,14625,15342,16273,17308,18479,18882,18960,19333,19469,20732,21608,22510,24935,24965,London
Bexley and Greenwich,UKI51,12818,13129,13517,14237,14984,15213,15622,16005,16368,16761,17583,18023,18070,18157,18098,19009,19527,19967,21066,21318,Other
Barking & Dagenham and Havering,UKI52,10307,10797,11114,11915,12685,13038,13578,14056,14464,14842,15703,16232,16116,16203,16283,17339,17739,17917,19020,19707,Other
Redbridge and Waltham Forest,UKI53,11109,11448,11863,12703,13575,13951,14405,14905,15422,15769,16524,16915,16741,16863,16875,18172,18680,19240,20728,21248,Other
Enfield,UKI54,10966,11453,11737,12700,13470,13663,14144,14732,15294,15774,16798,17335,17246,17229,17216,18488,18893,19560,21057,21444,Other
Bromley,UKI61,13916,14736,15337,16503,17056,17424,18297,19277,20074,20698,21683,21949,21640,21896,22275,23748,24387,25302,26893,27169,Other
Croydon,UKI62,10324,10776,11464,12476,13125,13576,14288,15017,15749,16274,17162,17546,17335,17483,17682,18852,19421,19686,21138,21766,Other
"Merton, Kingston upon Thames and Sutton",UKI63,14261,14806,15395,16537,16945,17282,17996,18905,19672,20173,21206,21575,21176,21479,21716,23119,24018,24407,25927,26355,Other
Barnet,UKI71,12774,13480,14084,15357,15862,16408,17155,17745,18798,19582,20655,21281,20889,21017,21160,22869,23785,24925,27591,27455,London
Brent,UKI72,10845,11383,12122,13001,13599,14157,14801,15305,16274,16631,17500,18025,18113,18051,18199,19686,20837,21699,23362,23580,London
Ealing,UKI73,12921,13503,14034,14913,15542,15990,16640,17061,17700,18163,19057,19632,19576,19799,19941,21546,22785,24055,25936,26655,Other
Harrow and Hillingdon,UKI74,11488,12209,12886,13844,14589,15114,15799,16281,17016,17399,18364,18924,18616,18805,18838,20163,21175,21592,23224,23661,Other
Hounslow and Richmond upon Thames,UKI75,17505,18134,18718,19986,20473,20790,21457,21881,22576,23279,24271,24835,24638,24533,24710,26256,27382,28161,30389,31505,London
Berkshire,UKJ11,13778,14254,14515,15615,15788,16227,16480,16788,17352,18071,19206,19559,19670,19445,19800,20718,21499,21819,23091,23674,Other
Milton Keynes,UKJ12,11187,11540,11780,12480,12890,13642,13875,14563,14996,15473,16183,16636,16678,16964,16968,17478,17724,18140,19392,20039,Other
Buckinghamshire CC,UKJ13,15163,15664,16129,17182,17907,18268,18378,19068,19606,21066,21844,22399,22854,22566,22750,23531,24270,24893,26655,26570,Other
Oxfordshire,UKJ14,13290,13703,14040,15144,15432,15888,15989,16587,16928,18067,18558,18995,19378,19051,19337,20361,21006,21609,23282,23675,Other
Brighton and Hove,UKJ21,12033,12262,12675,13549,14151,14590,14763,15318,16085,16327,16813,17398,17847,17618,17788,18330,18905,19257,20618,20508,Other
East Sussex CC,UKJ22,11848,12161,12571,13311,13862,14204,14432,14719,15320,15938,17026,17527,17789,18226,18153,18767,19614,19721,20790,20741,South East
West Surrey,UKJ25,16313,17198,17722,18545,18853,19418,19436,20067,21134,22502,23159,23453,23634,23520,23879,25178,26321,26846,28549,28467,South East
East Surrey,UKJ26,15848,16808,17253,18124,18396,19016,19103,19667,20868,22325,23047,23272,23117,23024,23330,24697,25559,25924,27551,27263,South East
West Sussex (South West),UKJ27,11506,12118,12278,13232,13948,14271,14503,14975,15723,16360,16917,17224,17487,17677,18063,18890,19651,19849,21340,21382,South East
West Sussex (North East),UKJ28,14840,15191,15313,16309,16847,17178,17352,17866,18468,19014,19519,19754,19858,19833,20170,20975,21714,21912,22962,22853,South East
Portsmouth,UKJ31,9368,9529,9982,10861,10878,11341,11412,11398,11345,11557,12139,12540,13153,13004,13133,13286,13861,14074,15028,15066,Other
Southampton,UKJ32,9627,9655,9699,10356,10735,11176,11276,11589,11666,12177,12842,13095,13460,13358,13515,13873,14230,14443,15022,14797,Other
Isle of Wight,UKJ34,9865,10196,10381,10925,11727,12021,12123,12652,13207,13860,14401,14818,15524,15683,15932,16164,16516,16414,16975,16781,Other
South Hampshire,UKJ35,10779,11127,11515,12200,12848,13434,13609,14159,14576,15036,15761,16281,16870,16812,17087,18050,18737,18946,19768,20107,South East
Central Hampshire,UKJ36,13476,13923,14317,15430,15982,16417,16580,17311,17920,18647,19494,20131,20518,20414,20758,21815,22176,22539,24056,24245,South East
North Hampshire,UKJ37,13905,14232,14458,15403,15857,16283,16372,16969,17232,17696,18556,19026,19452,19343,19533,20581,21274,21563,23012,23155,South East
Medway,UKJ41,10830,10784,11124,11798,12311,12680,12788,13363,13711,14109,14739,15097,15616,15544,15753,16188,16407,16662,17661,17884,Other
Kent Thames Gateway,UKJ43,10683,10928,11332,12038,12525,13049,13237,13680,14041,14473,15109,15493,15882,15890,16134,16721,17175,17495,18425,18539,South East
East Kent,UKJ44,9064,9375,9833,10587,11172,11659,11870,12364,12877,13343,13989,14439,15116,15204,15493,16143,16680,16965,17798,17682,South East
Mid Kent,UKJ45,12667,12918,13265,14236,14751,15001,15133,15718,16131,16620,17216,17579,17882,17869,17975,18764,19382,19637,20429,20159,South East
West Kent,UKJ46,15855,16020,16240,17508,17939,18259,18352,19170,19689,20393,21065,21430,21612,21519,21792,22706,23546,24196,25868,25174,South East
"Bristol, City of",UKK11,10387,10661,11022,11738,12265,12434,12620,12988,13130,13734,14322,14744,14739,15046,15390,15724,16223,16702,17488,17633,South West
"Bath and North East Somerset, North Somerset and South Gloucestershire",UKK12,12122,12663,13157,13527,13675,13844,14256,14539,15093,15967,16482,17176,17218,17311,17674,18313,18961,19422,20800,21001,South West
Gloucestershire,UKK13,11799,12112,12510,13243,13746,13811,13900,14512,15440,16193,16626,17200,17347,17522,17717,18360,19100,19852,20712,20532,Other
Swindon,UKK14,11137,11739,12215,12971,13599,14006,14134,14263,14598,15102,15374,15669,16163,15883,16082,16593,16948,17444,18194,18536,Other
Wiltshire CC,UKK15,11879,12096,12465,13434,13939,14218,14576,14973,15517,16198,16718,17111,17174,17326,17765,18265,19051,19556,20379,20292,Other
Bournemouth and Poole,UKK21,11465,11778,12283,13127,13539,13692,13992,14486,15051,15777,16375,16664,16285,16514,16747,17163,17789,18033,19129,19048,Other
Dorset CC,UKK22,11882,12445,12700,13363,13748,14000,14527,14848,15368,16364,16808,17329,17283,17679,18233,18795,19372,19915,20599,20508,Other
Somerset,UKK23,11019,11466,11733,12169,12727,12843,13290,13852,14322,15123,15598,16177,16219,16581,16910,17281,17611,18148,18800,18733,South West
Cornwall and Isles of Scilly,UKK30,9957,10249,10306,10910,11531,11995,12161,12576,13012,13654,14139,14552,14800,15069,15448,15903,16132,16393,17012,17026,South West
Plymouth,UKK41,9258,9632,9827,10437,10702,10894,11207,11540,11715,12160,12639,13076,13427,13916,14104,14336,14665,14947,15407,15147,Other
Torbay,UKK42,10051,10176,10502,11346,11393,11575,11914,12313,13014,13556,13787,14496,14752,14928,15190,15636,16095,16511,16937,17069,Other
Devon CC,UKK43,11216,11441,11701,12044,12562,12988,13169,13660,14264,15028,15513,16247,16666,16520,16694,17292,17804,18081,19028,19088,South West
Isle of Anglesey,UKL11,9644,10059,10199,10754,10932,11208,11746,12419,12576,12662,13182,13996,14274,14445,14808,15346,15696,15840,16395,16468,Other
Gwynedd,UKL12,8964,9081,9505,9938,10504,10984,11221,11871,12273,12895,13045,13179,13380,13406,13580,13988,14217,14555,15123,15188,Other
Conwy and Denbighshire,UKL13,10441,10555,10722,11294,11698,12156,12516,12961,13568,13718,13957,14621,14516,14668,15152,15704,15823,16056,16434,16432,Other
South West Wales,UKL14,9186,9364,9542,9709,10145,10643,11123,11507,12157,12862,13041,13663,13773,13953,14336,14932,15079,15333,15805,15919,Wales
Central Valleys,UKL15,8120,8128,8449,9244,9910,10355,10590,11102,11455,11715,12130,12484,12507,12698,12862,13346,13578,13736,14226,14525,Other
Gwent Valleys,UKL16,8854,8986,9424,10304,10535,10712,11194,11530,11594,11653,12106,12423,12357,12520,12786,13377,13627,13680,14261,14394,Other
Bridgend and Neath Port Talbot,UKL17,9772,10005,10156,11056,11365,11287,11669,12044,12236,12575,13046,13482,13487,13553,13599,14189,14550,14762,15167,15337,Other
Swansea,UKL18,9501,9728,10104,10570,11271,11611,11847,12175,12157,12546,12730,13775,13899,13527,13572,14121,14169,14808,15067,14911,Wales
Monmouthshire and Newport,UKL21,9919,9990,10657,11738,12167,12719,12930,13095,13497,13984,14759,15252,14843,15011,15421,16039,16003,16602,17216,17316,Wales
Cardiff and Vale of Glamorgan,UKL22,10004,10372,10822,11512,11887,12343,12806,13135,13248,13845,14107,14669,14748,14895,15123,15450,15531,15818,16388,16515,Wales
Flintshire and Wrexham,UKL23,9772,9916,10266,11315,11566,11860,12311,12811,13026,13332,13616,14089,14037,14291,14813,15304,15664,16094,16830,17119,Other
Powys,UKL24,9348,9309,9867,10761,11101,11386,11902,12775,13242,13724,13942,14581,14559,15030,15241,15791,15952,16065,16447,16303,Other
Aberdeen City and Aberdeenshire,UKM50,11103,11479,11301,12173,12822,13304,13521,14414,15409,16181,17176,18023,18464,18715,19565,20391,21466,21777,22080,21534,Scotland
Caithness & Sutherland and Ross & Cromarty,UKM61,9826,10165,10358,10880,11437,12054,12177,12508,13034,13873,14074,14744,15363,15554,16086,17051,17730,17434,18109,18743,Other
"Inverness & Nairn and Moray, Badenoch & Strathspey",UKM62,8970,9248,9470,9902,10364,10691,10824,11142,11318,12514,13373,15662,15737,15989,15645,16443,16956,17265,17902,18386,Other
"Lochaber, Skye & Lochalsh, Arran & Cumbrae and Argyll & Bute",UKM63,8338,8592,8496,9498,10165,10883,11163,11683,12323,13254,13851,14901,15453,15625,15639,16219,16377,16461,17181,17515,Other
Na h-Eileanan Siar (Western Isles),UKM64,8721,9095,9001,9478,10131,10693,10973,11337,11901,11572,12712,13279,13789,14164,14373,14566,14787,15237,16525,16479,Other
Orkney Islands,UKM65,8116,8834,9362,9065,9653,9977,10099,11200,11493,12544,13930,14845,15767,16243,17068,17688,17934,17798,17881,18381,Other
Shetland Islands,UKM66,9475,9378,9610,10868,10790,10851,11288,12165,12611,13494,13911,15260,16806,16819,16739,17423,18093,19131,20135,20124,Other
Angus and Dundee City,UKM71,9382,9707,9964,10773,11412,11955,12062,12449,12488,12955,13735,14625,14644,14440,14761,15186,15858,16178,16684,16939,Scotland
Clackmannanshire and Fife,UKM72,9090,9604,9851,10515,10923,11472,11809,12309,12558,12638,13601,14254,14566,14712,14906,15436,16018,16220,16956,17264,Scotland
East Lothian and Midlothian,UKM73,10113,10529,10962,11543,11794,12137,13123,14060,14671,15188,15812,16432,16660,17220,17566,17981,18857,19235,19931,20139,Other
"Edinburgh, City of",UKM75,12195,12795,13323,14203,14904,15532,15904,16393,16907,17809,18172,18568,18710,18671,19292,20133,20329,20478,21385,21837,Scotland
Falkirk,UKM76,8798,9134,9680,10143,10771,11208,11670,12108,12492,13166,13888,14458,14310,14127,14649,15383,15690,15686,16298,16516,Other
Perth & Kinross and Stirling,UKM77,11359,11736,11663,12396,13147,13133,13695,14971,15307,16351,16891,17082,17129,17094,17998,18476,18884,18964,19539,19747,Other
West Lothian,UKM78,8475,8960,9519,10568,11178,11745,12209,12462,12585,13264,14488,14469,14286,14532,14749,15264,15715,16127,16629,16390,Other
"East Dunbartonshire, West Dunbartonshire and Helensburgh & Lomond",UKM81,9459,9888,10927,11877,12242,12747,12975,13349,13933,14598,15133,15906,16200,16457,16731,17365,17558,17668,18418,18824,Other
Glasgow City,UKM82,9036,9349,9753,10492,10941,11423,11819,12068,12226,12778,13515,13776,14033,13886,13976,14429,14597,14913,15194,15311,Scotland
"Inverclyde, East Renfrewshire and Renfrewshire",UKM83,10470,10838,11193,12067,12758,12938,13178,13499,13977,14563,15123,15842,16074,16012,16094,16647,17255,17480,18501,18816,Other
North Lanarkshire,UKM84,8793,9143,9397,10093,10561,10955,11213,11541,11951,12140,12915,13484,13620,13691,13899,14323,14730,15309,15838,16171,Other
Scottish Borders,UKM91,9689,10217,10321,11109,11506,11967,12860,13607,14123,14746,15308,15931,16197,16487,16808,16847,17549,18290,18705,18923,Other
Dumfries & Galloway,UKM92,9435,9759,9877,10403,10691,11169,11561,12171,12307,12982,13736,14503,15016,15109,15317,15885,16256,16513,17182,17759,Other
East Ayrshire and North Ayrshire mainland,UKM93,8464,8689,8753,9522,10190,10759,11056,11656,11982,12381,13121,13349,13606,14077,14207,14544,15199,15403,15905,16443,Other
South Ayrshire,UKM94,9659,9968,10298,10886,11572,12055,12738,13411,13701,14469,14781,15472,15795,16168,16570,17225,17645,17804,18189,18631,Other
South Lanarkshire,UKM95,9748,10211,10497,11185,11436,12207,12272,12895,13489,13781,14486,14961,15112,15429,15738,16226,16466,16554,17247,17311,Other
Belfast,UKN06,9957,10196,10403,11019,11326,11760,11846,12128,12335,12851,12948,13577,13911,13794,14018,14347,14779,14895,15304,15565,Northern Ireland
"Armagh City, Banbridge and Craigavon",UKN07,8685,8831,9072,9413,9755,10295,10786,11536,12109,12858,13218,13390,13369,13447,13794,13866,14493,15187,15522,15582,Northern Ireland
"Newry, Mourne and Down",UKN08,8535,8696,8923,9432,9655,10153,10751,11408,12203,12872,13001,13183,13188,13113,13637,13808,14214,14537,14812,14721,Northern Ireland
Ards and North Down,UKN09,9608,9748,9987,10664,10999,11614,11995,12464,13002,13598,14021,14445,14597,14578,15005,15415,16008,16170,16914,17035,Northern Ireland
Derry City and Strabane,UKN10,7132,7196,7470,7868,8320,9042,9674,10390,11258,11775,11862,11916,12119,12262,12713,13030,13380,13718,13924,14036,Northern Ireland
Mid Ulster,UKN11,7833,7941,8242,8731,8947,9345,10159,11041,11719,12279,12395,12344,12281,12263,12763,12916,13325,13950,14660,14647,Other
Causeway Coast and Glens,UKN12,7144,7193,7461,7950,8522,9254,9781,10393,11298,11849,11872,11790,12154,12343,13002,13225,13606,14043,14913,15132,Other
Antrim and Newtownabbey,UKN13,9390,9521,9787,10615,10862,11438,11851,12405,12829,13340,13866,14237,14335,14214,14683,15156,15647,16074,16592,16849,Northern Ireland
Lisburn and Castlereagh,UKN14,9443,9566,9873,10826,11153,11715,12194,12707,13221,13658,14191,14528,14641,14573,14855,15471,16103,16448,17421,17684,Other
Mid and East Antrim,UKN15,9331,9494,9709,10469,10545,11127,11617,12215,12703,13348,13768,14132,14271,14197,14584,15048,15543,16146,17005,17315,Northern Ireland
Fermanagh and Omagh,UKN16,7772,7878,8194,8552,8880,9281,10130,11017,11788,12396,12477,12502,12497,12463,12916,13158,13329,13607,14522,14722,Other
