AREANM,AREACD,1997,1998,1999,2000,2001,2002,2003,2004,2005,2006,2007,2008,2009,2010,2011,2012,2013,2014,2015,2016,GDHI_1997,GDHI_2016,Absolute_Change,Percentage_Growth,Average_GDHI,Volatility,Income_Category_2016,Growth_Category
Hartlepool and Stockton-on-Tees,UKC11,9269,9362,9765,10281,10721,11068,11302,11744,12177,12633,12923,13241,13741,13887,14244,14734,14752,15121,15622,15291,9269,15291,6022,64.96925234653145,12593.9,2071.8709038222587,Medium,Moderate
South Teesside,UKC12,8988,8799,9201,9820,10289,10363,10532,10913,11289,11753,11904,12160,12901,12893,13144,13991,14124,14601,14972,14753,8988,14753,5765,64.14107699154428,11869.5,1995.7903987617221,Low,Moderate
Darlington,UKC13,9637,9656,9753,10681,11538,11639,11929,12187,12391,12623,13222,13219,13881,13806,13700,14341,14729,14856,15537,15487,9637,15487,5850,60.703538445574345,12740.6,1867.2373457231295,Medium,Moderate
Durham CC,UKC14,9238,9573,9886,10470,10868,11038,11207,11747,11944,12295,12529,12775,13232,13522,13655,14161,14430,14718,15325,15221,9238,15221,5983,64.76510067114094,12391.7,1879.204593774493,Medium,Moderate
Northumberland,UKC21,10301,10563,11021,11820,12276,12504,13027,13432,13675,14505,14803,15681,16629,16469,16617,17288,17681,17842,18522,18016,10301,18016,7715,74.89564119988351,14633.6,2684.8394718257705,Medium,Moderate
Tyneside,UKC22,9209,9594,9669,10261,10734,10998,11294,11789,11806,12197,12523,12681,13275,13493,13618,14350,14542,14759,15489,15505,9209,15505,6296,68.36790096644587,12389.3,1966.7720040181257,Medium,Moderate
Sunderland,UKC23,8515,8589,8990,9664,10029,10335,10562,10862,11258,11591,12006,12189,12626,12863,13139,13781,14111,14111,14563,14998,8515,14998,6483,76.13623018203171,11739.1,2023.3487588648675,Low,Moderate
West Cumbria,UKD11,9028,9553,9717,10440,11020,11025,11464,12021,12315,12895,13692,13910,14422,14747,14940,15858,16114,16411,17281,17578,9028,17578,8550,94.70536109880372,13221.55,2661.1966931201614,Medium,Fast
East Cumbria,UKD12,10952,11509,11767,12075,12935,13355,13963,14464,14993,15472,15802,16110,16870,17196,17215,17962,18623,18997,19843,19928,10952,19928,8976,81.95763330898465,15501.55,2826.7729317889575,Medium,Fast
Manchester,UKD33,7181,7553,8173,8633,8996,9431,9483,9713,10093,10385,10673,10903,11398,11382,11593,11927,12258,12514,13189,13184,7181,13184,6003,83.59559949867706,10433.1,1782.0444468436572,Low,Fast
Greater Manchester South West,UKD34,11958,12268,12823,13618,13901,14259,14500,14879,15257,15641,16088,16271,16520,16402,16554,17133,17395,17624,18809,18786,11958,18786,6828,57.09984947315605,15534.3,1995.5112285221287,Medium,Slow
Greater Manchester South East,UKD35,9898,10151,10791,11467,11702,12027,12394,12557,12983,13465,13950,14181,14785,14924,15186,15789,16209,16647,17463,17561,9898,17561,7663,77.41968074358456,13706.5,2344.752495074458,Medium,Moderate
Greater Manchester North West,UKD36,9951,10185,10651,11254,11614,11837,12072,12450,12707,13140,13589,13697,14005,14057,14152,14757,15060,15174,15450,15351,9951,15351,5400,54.26590292432921,13057.65,1749.239000702576,Medium,Slow
Greater Manchester North East,UKD37,9090,9343,9834,10404,10774,11026,11160,11568,11845,12272,12715,12877,13245,13280,13413,14075,14492,14826,15435,15284,9090,15284,6194,68.14081408140814,12347.9,1937.700913861308,Medium,Moderate
Blackburn with Darwen,UKD41,8474,8626,9048,9166,9432,9395,9729,9966,10469,10776,10951,10916,11132,11453,11422,11630,11722,12074,12497,12450,8474,12450,3976,46.91999055935804,10566.4,1262.9739089691607,Low,Slow
Blackpool,UKD42,9597,9838,9908,10766,10913,11044,10828,10974,11139,11373,11882,12176,12675,12845,13281,13446,13681,13986,14404,14795,9597,14795,5198,54.162759195581955,11977.55,1577.8338407282843,Low,Slow
Lancaster and Wyre,UKD44,9241,9555,9839,10539,10982,11389,11724,12105,12492,12904,13403,13773,14522,14491,14686,15073,15499,15778,16212,16355,9241,16355,7114,76.98301049669949,13028.1,2286.91430580712,Medium,Moderate
Mid Lancashire,UKD45,10815,11115,11381,12136,12682,12946,13310,13718,14158,14589,15083,15416,16054,15973,16139,16570,16805,17195,18083,17843,10815,17843,7028,64.98381877022655,14600.55,2263.5422746101667,Medium,Moderate
East Lancashire,UKD46,8318,8560,8846,9386,9768,9970,10286,10714,11244,11603,12200,12681,13154,13163,13390,13698,14063,14152,14864,14808,8318,14808,6490,78.02356335657609,11743.4,2155.2360818297966,Low,Moderate
Chorley and West Lancashire,UKD47,10408,10599,10990,11789,12246,12593,12964,13390,13873,14290,14828,15236,15860,15781,16188,16669,16863,17249,18456,18660,10408,18660,8252,79.28516525749424,14446.6,2535.128947203153,Medium,Moderate
Warrington,UKD61,10432,10814,11215,12218,12792,13043,13371,14094,14328,14831,15535,15599,15843,15905,16226,17162,17269,17760,19071,19377,10432,19377,8945,85.74578220858896,14844.25,2610.4919253093394,Medium,Fast
Cheshire East,UKD62,12171,12540,13093,13664,13904,14822,15552,15996,16505,17033,17534,17863,18435,18315,18518,19267,20306,20899,22065,22025,12171,22025,9854,80.96294470462576,17025.35,3048.4676267024115,High,Fast
Cheshire West and Chester,UKD63,11089,11380,11954,12479,12749,13528,14315,14946,15404,15808,16359,16852,17455,17352,17384,18273,18730,19064,19858,19372,11089,19372,8283,74.69564433222112,15717.55,2796.930337558999,Medium,Moderate
East Merseyside,UKD71,8232,8499,8915,9658,10151,10431,10756,11178,11615,11977,12616,12923,13440,13499,13657,14144,14432,14605,15247,15334,8232,15334,7102,86.27308066083576,12065.45,2258.055299192322,Medium,Fast
Liverpool,UKD72,8445,8621,9098,9597,10092,10328,10637,10966,11129,11661,12025,12046,12627,12725,12879,13348,13723,14049,14566,14538,8445,14538,6093,72.14920071047958,11655.0,1916.8488944646958,Low,Moderate
Sefton,UKD73,11403,11796,12055,12103,11914,12419,12786,13148,13691,13958,14364,14697,15588,15670,15760,16480,17014,16958,17762,17672,11403,17672,6269,54.97676050162238,14361.9,2129.4830828161093,Medium,Slow
Wirral,UKD74,10261,10677,11124,11861,12268,12825,13237,13410,13537,13781,14488,14866,15495,15542,15595,16239,16684,16948,17499,17362,10261,17362,7101,69.20378130786473,14184.95,2240.26202591055,Medium,Moderate
"Kingston upon Hull, City of",UKE11,7411,7791,8237,9031,9548,9833,9837,9965,10164,10239,10584,10896,11426,11451,11786,12155,12264,12605,13103,13380,7411,13380,5969,80.54243691809472,10585.3,1704.5375078857826,Low,Fast
East Riding of Yorkshire,UKE12,10802,11065,11873,12220,12202,12707,13181,13774,14299,14918,15270,15456,15889,15962,16317,16707,16901,17167,18215,18427,10802,18427,7625,70.58877985558229,14667.6,2337.744761179255,Medium,Moderate
North and North East Lincolnshire,UKE13,9293,9711,9908,10294,10706,10988,11403,11742,11941,12348,13042,13072,13206,13206,13731,14144,14230,14421,14958,14994,9293,14994,5701,61.3472506187453,12366.9,1801.942720627116,Low,Moderate
York,UKE21,10532,11347,12061,12499,13033,13614,13547,13181,13442,14133,14898,14995,15567,15527,15685,16462,16760,17307,17909,18070,10532,18070,7538,71.57235093049754,14528.45,2148.015252200089,Medium,Moderate
North Yorkshire CC,UKE22,11701,12492,12614,12820,13244,13844,14232,14710,15516,16437,16889,17242,17936,17657,18047,18792,19150,19238,20403,20611,11701,20611,8910,76.14733783437313,16178.75,2819.5914947680667,High,Moderate
"Barnsley, Doncaster and Rotherham",UKE31,8747,9106,9562,10206,10582,10825,11186,11427,11753,12116,12597,12693,12996,13150,13525,14079,14471,14875,15388,15540,8747,15540,6793,77.66091231279296,12241.2,2046.7350791469146,Medium,Moderate
Sheffield,UKE32,9331,9629,10031,10546,11144,11458,11666,12213,12208,12393,12649,12980,13445,13233,13280,13697,13911,14362,14854,15057,9331,15057,5726,61.36534133533383,12404.35,1671.3860077319378,Medium,Moderate
Bradford,UKE41,9314,9562,9975,10652,10609,10832,10957,11362,11412,11663,12069,12240,12483,12345,12465,12892,13331,13666,14302,14444,9314,14444,5130,55.07837663732016,11828.75,1468.7798328437184,Low,Slow
Leeds,UKE42,10178,10513,10879,11730,12080,12366,12631,12770,12986,13391,14023,14290,14545,14575,14907,15278,15693,15923,16647,16814,10178,16814,6636,65.19944979367263,13610.95,1979.2779777378153,Medium,Moderate
Calderdale and Kirklees,UKE44,9519,9905,10251,10894,11178,11410,11818,12231,12505,12846,13377,13461,13715,13710,13924,14490,14905,15181,15934,16092,9519,16092,6573,69.05137094232587,12867.3,1952.5948214727257,Medium,Moderate
Wakefield,UKE45,9311,9719,10039,10694,11028,11414,11852,12287,12645,13015,13646,13688,13936,14073,14022,14505,14876,15107,15830,15955,9311,15955,6644,71.35646010095586,12882.1,2019.1827137678622,Medium,Moderate
Derby,UKF11,9300,9539,9898,9963,10483,10914,11128,11527,11440,12156,12437,12369,13073,12585,12581,13390,13792,14331,14934,15078,9300,15078,5778,62.12903225806452,12045.9,1739.5175041856926,Medium,Moderate
East Derbyshire,UKF12,8612,9049,9584,10015,10819,11128,11316,11644,11986,12546,13187,13170,13364,13269,13557,14131,14401,14649,15561,15490,8612,15490,6878,79.86530422666047,12373.9,2065.6744763164556,Medium,Moderate
South and West Derbyshire,UKF13,9685,10068,10520,11080,11542,11958,12803,13379,13838,14312,14979,15274,15439,15374,15965,16568,17270,17456,18646,18985,9685,18985,9300,96.02478058853899,14257.05,2824.8619989581603,Medium,Fast
Nottingham,UKF14,8304,8674,9049,9452,9654,9864,9927,9768,9924,10122,10542,10781,10817,10728,10761,11109,11679,11911,12397,12232,8304,12232,3928,47.30250481695568,10384.75,1128.7012972531982,Low,Slow
North Nottinghamshire,UKF15,9046,9586,9916,10574,11003,11407,11738,12345,12567,12818,13644,13980,14342,14132,14228,14685,14934,15348,16297,16339,9046,16339,7293,80.62126906920186,12946.45,2194.1783613870016,Medium,Fast
South Nottinghamshire,UKF16,11038,11492,11914,12308,12988,13356,13850,14316,14610,15155,16089,16529,16826,16557,16602,17502,17965,18391,19146,19484,11038,19484,8446,76.5174850516398,15305.9,2588.578209629453,Medium,Moderate
Leicester,UKF21,8348,8267,8660,9221,9568,9843,9997,10196,10110,10304,10760,10647,10953,11127,11178,11640,11863,12049,12599,12848,8348,12848,4500,53.90512697652132,10508.9,1319.8159720203419,Low,Slow
Leicestershire CC and Rutland,UKF22,11144,11480,11783,12344,12726,13101,13697,14177,14588,14955,15652,15770,16111,16109,16436,16987,17274,17628,18499,18427,11144,18427,7283,65.35355348169418,14944.4,2311.096559052252,Medium,Moderate
West Northamptonshire,UKF24,10975,11238,11569,12485,12905,13033,13404,13832,14366,14995,16069,16113,16058,16022,17008,17851,18248,18709,19751,20062,10975,20062,9087,82.79726651480638,15234.65,2801.5808558928406,High,Fast
North Northamptonshire,UKF25,10271,10579,10859,11527,11899,12080,12584,13052,13645,14236,15152,15427,15496,15310,15649,16374,16891,17263,18319,18315,10271,18315,8044,78.31759322363936,14246.4,2549.6416342611556,Medium,Moderate
Lincolnshire,UKF30,10106,10455,10714,11179,11549,11828,12317,12741,13244,13504,14220,14560,14869,14982,15374,15901,16154,16495,17008,16853,10106,16853,6747,66.76231941420939,13702.65,2251.4725070495533,Medium,Moderate
"Herefordshire, County of",UKG11,10259,10803,10974,11607,12205,12648,13064,13735,14070,14909,15103,15692,16091,16387,16926,17342,17900,17978,19016,19089,10259,19089,8830,86.07076713129935,14789.9,2804.3221321832184,Medium,Fast
Worcestershire,UKG12,11161,11886,12118,12619,13125,13577,13795,14484,15092,15854,15936,16297,16599,16404,16715,17275,17895,18412,19504,19769,11161,19769,8608,77.1257055819371,15425.85,2523.9377187036007,Medium,Moderate
Warwickshire,UKG13,11626,12146,12569,13487,13987,14366,14802,15233,15449,15970,16466,17037,17356,17312,17678,18394,18981,19634,20898,21290,11626,21290,9664,83.12403234130397,16234.05,2786.1782818802267,High,Fast
Telford and Wrekin,UKG21,10090,10406,10582,10513,10446,10899,11450,11943,11870,12391,12877,13071,13418,13594,14086,14665,14913,15192,16064,16291,10090,16291,6201,61.45688800792865,12738.05,1988.7007256789016,Medium,Moderate
Shropshire CC,UKG22,10773,11448,11544,12035,12273,12688,13161,13739,13988,14766,15123,15957,16384,16251,16599,16961,17298,17602,18705,18856,10773,18856,8083,75.03016801262416,14807.55,2521.196405113631,Medium,Moderate
Stoke-on-Trent,UKG23,8260,8480,9009,9421,9500,9646,9936,10220,10738,10856,11405,11572,11846,11939,12270,12704,13120,13283,13863,14075,8260,14075,5815,70.39951573849879,11107.15,1776.4976861643722,Low,Moderate
Staffordshire CC,UKG24,10276,10819,11144,11736,12345,12685,13017,13175,13564,14157,14589,15098,15339,15359,15493,16038,16535,16924,17887,18184,10276,18184,7908,76.95601401323472,14218.2,2314.85476638896,Medium,Moderate
Birmingham,UKG31,8803,9175,9453,10107,10485,10674,10819,11076,11067,11412,11644,11899,12163,12344,12439,12814,13064,13485,14034,14093,8803,14093,5290,60.09315006247869,11552.5,1535.158538015571,Low,Moderate
Solihull,UKG32,12156,12679,13094,14109,15298,15780,15991,16292,16576,16815,17231,17450,17745,17745,18143,18866,19869,20422,21695,21927,12156,21927,9771,80.38005923000988,16994.15,2755.6819248695283,High,Fast
Coventry,UKG33,8998,9193,9518,10373,10814,11136,11134,11614,11479,11650,12251,12510,12929,13069,13212,13499,13741,13924,14226,14175,8998,14175,5177,57.53500777950655,11972.25,1647.8486093915558,Low,Slow
Dudley,UKG36,9656,10058,10356,10887,11120,11249,11439,11883,11977,12307,12530,12683,13271,13504,13646,14266,14629,14951,15602,15878,9656,15878,6222,64.43661971830986,12594.6,1835.3267140671226,Medium,Moderate
Sandwell,UKG37,8180,8516,8804,9328,9566,9754,9917,10222,10306,10484,10676,10858,11238,11372,11568,11979,12145,12608,13242,13164,8180,13164,4984,60.929095354523234,10696.35,1473.2511228750623,Low,Moderate
Walsall,UKG38,8883,9342,9572,9991,10193,10487,10568,10830,10842,11021,11273,11567,11971,12030,12223,12622,13053,13532,13997,13791,8883,13791,4908,55.251604187774404,11389.4,1492.6929532330414,Low,Slow
Wolverhampton,UKG39,8936,9353,9689,10136,10451,10646,10749,11005,11067,11250,11580,11909,12259,12303,12408,12730,13034,13375,13879,13926,8936,13926,4990,55.84153983885407,11534.25,1457.0161605504804,Low,Slow
Peterborough,UKH11,9916,10344,11033,11751,12095,12320,12281,12359,12634,13308,13856,14039,14093,14205,14310,14864,15262,15844,16630,16563,9916,16563,6647,67.03307785397338,13385.35,1922.0199428014048,Medium,Moderate
Cambridgeshire CC,UKH12,11517,12031,12636,13313,13527,14129,14124,14747,15651,16274,16762,17139,17520,17433,17498,18323,19086,19807,20880,21322,11517,21322,9805,85.13501779977425,16185.95,2889.4974517525034,High,Fast
Suffolk,UKH14,10222,10433,10708,11699,12296,12671,12942,13405,13853,14202,14667,15509,16028,15980,16043,16790,17190,17480,18485,18774,10222,18774,8552,83.66268831931129,14468.85,2644.1971674832257,Medium,Fast
Norwich and East Norfolk,UKH15,10042,10333,10521,11136,11700,11930,12139,12397,12750,12802,13446,14048,14438,14687,15093,15759,16036,16217,17290,17431,10042,17431,7389,73.58095996813384,13509.75,2295.708029184713,Medium,Moderate
North and West Norfolk,UKH16,9574,9802,10077,10722,11393,11690,11948,12218,12733,12817,13443,14148,14702,15084,15511,16190,16551,16728,17515,17749,9574,17749,8175,85.38750783371631,13529.75,2624.6582910422535,Medium,Fast
Breckland and South Norfolk,UKH17,10381,10678,10806,11474,12081,12240,12485,12831,13292,13456,14118,14691,14919,15148,15511,16197,16264,16540,17460,17419,10381,17419,7038,67.7969367112995,13899.55,2256.6248312352163,Medium,Moderate
Luton,UKH21,9260,8994,9417,10047,10691,11063,11333,11554,11710,11817,12128,12330,12597,12722,12879,13364,13592,13987,14448,14889,9260,14889,5629,60.788336933045365,11941.1,1697.8464036909568,Low,Moderate
Hertfordshire,UKH23,13267,13969,14135,15352,16156,16472,16776,17142,17644,18457,19345,19772,20365,20094,20163,21187,22184,22826,24244,24311,13267,24311,11044,83.24413959448255,18693.05,3314.037567283814,High,Fast
Bedford,UKH24,11406,11560,11972,12578,12664,13240,13417,13812,14418,14935,15431,16024,16547,16757,17010,17501,17898,18279,19767,20136,11406,20136,8730,76.53866386112573,15267.6,2679.655445250967,High,Moderate
Central Bedfordshire,UKH25,12129,12358,12848,13634,13891,14519,14666,14989,15558,15984,16389,16933,17379,17697,17732,18459,19209,19377,20294,20719,12129,20719,8590,70.82199686701294,16238.2,2611.1561383700073,High,Moderate
Southend-on-Sea,UKH31,10676,11073,11615,12354,13115,13641,13962,13978,14253,14621,15057,15363,15910,15992,16113,16648,17196,17596,18607,19088,10676,19088,8412,78.79355563881603,14842.9,2378.5621685114065,Medium,Moderate
Thurrock,UKH32,10133,10372,10563,10810,11311,12013,12443,12712,13036,13397,13936,14482,14882,14990,15054,15558,15886,16458,17206,17507,10133,17507,7374,72.77213066219284,13637.45,2314.0332635329255,Medium,Moderate
Essex Haven Gateway,UKH34,10134,10458,11094,11695,12292,12794,13001,13490,13942,14280,14757,15366,15981,15765,16105,16743,17262,17444,18242,18587,10134,18587,8453,83.41227550819025,14471.6,2569.9026481663914,Medium,Fast
West Essex,UKH35,13429,13761,14325,15161,15706,16070,16282,16920,17674,18054,18610,19371,19547,19153,19557,20448,20838,21110,23403,23776,13429,23776,10347,77.04966862759699,18159.75,2971.8415321320995,High,Moderate
Heart of Essex,UKH36,13661,13919,14605,15358,15964,16326,16568,16919,17387,17868,18395,19092,19594,19279,19508,20275,20707,21288,22079,22211,13661,22211,8550,62.58692628650904,18050.15,2615.5580118127555,High,Moderate
Essex Thames Gateway,UKH37,11434,11711,12288,12858,13547,13991,14270,14664,15089,15441,15933,16567,17150,16965,17177,17818,18026,18161,19215,19667,11434,19667,8233,72.00454783977611,15598.6,2465.273560138061,Medium,Moderate
Camden and City of London,UKI31,18600,20654,21711,24138,24060,24107,24621,26687,29583,32472,35709,38910,38249,36235,34980,37966,41751,42116,45133,45225,18600,45225,26625,143.14516129032256,32145.35,8575.928412376734,Very High,Very Fast
Westminster,UKI32,21079,22028,23911,26140,26516,26218,26702,28500,30790,33768,37568,40193,41057,39555,38707,42194,46400,48620,51511,50910,21079,50910,29831,141.51999620475354,35118.35,9841.911379802947,Very High,Very Fast
Kensington & Chelsea and Hammersmith & Fulham,UKI33,27630,28204,29111,31520,31184,30662,31327,33340,35762,39309,43444,46177,45838,43939,42838,47046,52377,55611,59612,58816,27630,58816,31186,112.87006876583423,40687.35,10435.288386679013,Very High,Very Fast
Wandsworth,UKI34,14012,15615,17256,19516,20131,20093,20439,21921,24287,26440,29240,30340,30516,29032,27745,29872,32557,34341,36264,37288,14012,37288,23276,166.11475877819012,25845.25,6927.834816881823,Very High,Very Fast
Hackney and Newham,UKI41,6448,7061,7805,8884,9492,9814,10384,11194,12329,13389,14288,14700,14892,14911,15038,15973,16920,17413,18704,19261,6448,19261,12813,198.71277915632754,12945.0,3883.7185653361703,Medium,Very Fast
Tower Hamlets,UKI42,13122,13624,14171,15289,15731,15809,16255,16936,17838,18799,19742,19970,20160,20138,19996,20977,21469,21719,23123,23227,13122,23227,10105,77.00807803688463,18404.75,3119.542913127195,High,Moderate
Haringey and Islington,UKI43,15262,15763,16783,17997,18388,18727,19017,19889,20879,22179,23525,23841,23687,24000,24086,25669,26091,26916,28424,28188,15262,28188,12926,84.69401126982046,21965.55,4083.064051665122,Very High,Fast
Lewisham and Southwark,UKI44,10070,10578,11280,12285,12667,12965,13578,14294,15233,16205,17191,17533,17661,18370,18292,19471,20253,21225,22648,22724,10070,22724,12654,125.66037735849056,16226.15,3930.9091659630894,High,Very Fast
Lambeth,UKI45,11141,11639,12486,13653,13932,14217,14625,15342,16273,17308,18479,18882,18960,19333,19469,20732,21608,22510,24935,24965,11141,24965,13824,124.0822188313437,17524.45,4157.133368016196,High,Very Fast
Bexley and Greenwich,UKI51,12818,13129,13517,14237,14984,15213,15622,16005,16368,16761,17583,18023,18070,18157,18098,19009,19527,19967,21066,21318,12818,21318,8500,66.3129973474801,16973.6,2537.158717521381,High,Moderate
Barking & Dagenham and Havering,UKI52,10307,10797,11114,11915,12685,13038,13578,14056,14464,14842,15703,16232,16116,16203,16283,17339,17739,17917,19020,19707,10307,19707,9400,91.20015523430678,14952.75,2741.936923436654,Medium,Fast
Redbridge and Waltham Forest,UKI53,11109,11448,11863,12703,13575,13951,14405,14905,15422,15769,16524,16915,16741,16863,16875,18172,18680,19240,20728,21248,11109,21248,10139,91.26834098478712,15856.8,2919.0058437402067,High,Fast
Enfield,UKI54,10966,11453,11737,12700,13470,13663,14144,14732,15294,15774,16798,17335,17246,17229,17216,18488,18893,19560,21057,21444,10966,21444,10478,95.54988145175999,15959.95,3094.274976298546,High,Fast
Bromley,UKI61,13916,14736,15337,16503,17056,17424,18297,19277,20074,20698,21683,21949,21640,21896,22275,23748,24387,25302,26893,27169,13916,27169,13253,95.23569991376833,20513.0,3913.9164528640617,Very High,Fast
Croydon,UKI62,10324,10776,11464,12476,13125,13576,14288,15017,15749,16274,17162,17546,17335,17483,17682,18852,19421,19686,21138,21766,10324,21766,11442,110.82913599380085,16057.0,3357.8916787644876,High,Very Fast
"Merton, Kingston upon Thames and Sutton",UKI63,14261,14806,15395,16537,16945,17282,17996,18905,19672,20173,21206,21575,21176,21479,21716,23119,24018,24407,25927,26355,14261,26355,12094,84.804712152023,20147.5,3598.3164996396504,Very High,Fast
Barnet,UKI71,12774,13480,14084,15357,15862,16408,17155,17745,18798,19582,20655,21281,20889,21017,21160,22869,23785,24925,27591,27455,12774,27455,14681,114.92876154689213,19643.6,4345.712713637854,Very High,Very Fast
Brent,UKI72,10845,11383,12122,13001,13599,14157,14801,15305,16274,16631,17500,18025,18113,18051,18199,19686,20837,21699,23362,23580,10845,23580,12735,117.42738589211619,16858.5,3767.683030862951,High,Very Fast
Ealing,UKI73,12921,13503,14034,14913,15542,15990,16640,17061,17700,18163,19057,19632,19576,19799,19941,21546,22785,24055,25936,26655,12921,26655,13734,106.29208265614116,18772.45,3944.1159836020624,Very High,Very Fast
Harrow and Hillingdon,UKI74,11488,12209,12886,13844,14589,15114,15799,16281,17016,17399,18364,18924,18616,18805,18838,20163,21175,21592,23224,23661,11488,23661,12173,105.96274373259054,17499.35,3503.0936444204494,High,Very Fast
Hounslow and Richmond upon Thames,UKI75,17505,18134,18718,19986,20473,20790,21457,21881,22576,23279,24271,24835,24638,24533,24710,26256,27382,28161,30389,31505,17505,31505,14000,79.97714938588975,23573.95,3880.9684829678117,Very High,Moderate
Berkshire,UKJ11,13778,14254,14515,15615,15788,16227,16480,16788,17352,18071,19206,19559,19670,19445,19800,20718,21499,21819,23091,23674,13778,23674,9896,71.82464798954855,18367.45,2934.0228082742788,High,Moderate
Milton Keynes,UKJ12,11187,11540,11780,12480,12890,13642,13875,14563,14996,15473,16183,16636,16678,16964,16968,17478,17724,18140,19392,20039,11187,20039,8852,79.12755877357647,15431.4,2617.826406532114,High,Moderate
Buckinghamshire CC,UKJ13,15163,15664,16129,17182,17907,18268,18378,19068,19606,21066,21844,22399,22854,22566,22750,23531,24270,24893,26655,26570,15163,26570,11407,75.22917628437644,20838.15,3530.236599719628,Very High,Moderate
Oxfordshire,UKJ14,13290,13703,14040,15144,15432,15888,15989,16587,16928,18067,18558,18995,19378,19051,19337,20361,21006,21609,23282,23675,13290,23675,10385,78.14145974416856,18016.0,3048.4153432993935,High,Moderate
Brighton and Hove,UKJ21,12033,12262,12675,13549,14151,14590,14763,15318,16085,16327,16813,17398,17847,17618,17788,18330,18905,19257,20618,20508,12033,20508,8475,70.43131388681127,16341.75,2614.9253561853448,High,Moderate
East Sussex CC,UKJ22,11848,12161,12571,13311,13862,14204,14432,14719,15320,15938,17026,17527,17789,18226,18153,18767,19614,19721,20790,20741,11848,20741,8893,75.05908170155301,16336.0,2876.676389973606,High,Moderate
West Surrey,UKJ25,16313,17198,17722,18545,18853,19418,19436,20067,21134,22502,23159,23453,23634,23520,23879,25178,26321,26846,28549,28467,16313,28467,12154,74.5049960154478,22209.7,3710.4000082272305,Very High,Moderate
East Surrey,UKJ26,15848,16808,17253,18124,18396,19016,19103,19667,20868,22325,23047,23272,23117,23024,23330,24697,25559,25924,27551,27263,15848,27263,11415,72.02801615345786,21709.6,3542.378941957093,Very High,Moderate
West Sussex (South West),UKJ27,11506,12118,12278,13232,13948,14271,14503,14975,15723,16360,16917,17224,17487,17677,18063,18890,19651,19849,21340,21382,11506,21382,9876,85.83347818529464,16369.7,2994.225778148053,High,Fast
West Sussex (North East),UKJ28,14840,15191,15313,16309,16847,17178,17352,17866,18468,19014,19519,19754,19858,19833,20170,20975,21714,21912,22962,22853,14840,22853,8013,53.995956873315365,18896.4,2498.4320641048794,High,Slow
Portsmouth,UKJ31,9368,9529,9982,10861,10878,11341,11412,11398,11345,11557,12139,12540,13153,13004,13133,13286,13861,14074,15028,15066,9368,15066,5698,60.82408198121264,12147.75,1668.7950861246218,Medium,Moderate
Southampton,UKJ32,9627,9655,9699,10356,10735,11176,11276,11589,11666,12177,12842,13095,13460,13358,13515,13873,14230,14443,15022,14797,9627,14797,5170,53.70312662303937,12329.55,1771.9237085572754,Low,Slow
Isle of Wight,UKJ34,9865,10196,10381,10925,11727,12021,12123,12652,13207,13860,14401,14818,15524,15683,15932,16164,16516,16414,16975,16781,9865,16781,6916,70.10643689812468,13808.25,2423.5735441046986,Medium,Moderate
South Hampshire,UKJ35,10779,11127,11515,12200,12848,13434,13609,14159,14576,15036,15761,16281,16870,16812,17087,18050,18737,18946,19768,20107,10779,20107,9328,86.53863994804712,15385.1,2908.7219276911947,High,Fast
Central Hampshire,UKJ36,13476,13923,14317,15430,15982,16417,16580,17311,17920,18647,19494,20131,20518,20414,20758,21815,22176,22539,24056,24245,13476,24245,10769,79.91243692490353,18807.45,3312.902138052947,High,Moderate
North Hampshire,UKJ37,13905,14232,14458,15403,15857,16283,16372,16969,17232,17696,18556,19026,19452,19343,19533,20581,21274,21563,23012,23155,13905,23155,9250,66.52283351312478,18195.1,2817.4782846031885,High,Moderate
Medway,UKJ41,10830,10784,11124,11798,12311,12680,12788,13363,13711,14109,14739,15097,15616,15544,15753,16188,16407,16662,17661,17884,10830,17884,7054,65.13388734995384,14252.45,2233.4290010276973,Medium,Moderate
Kent Thames Gateway,UKJ43,10683,10928,11332,12038,12525,13049,13237,13680,14041,14473,15109,15493,15882,15890,16134,16721,17175,17495,18425,18539,10683,18539,7856,73.53739586258541,14642.45,2429.555438541662,Medium,Moderate
East Kent,UKJ44,9064,9375,9833,10587,11172,11659,11870,12364,12877,13343,13989,14439,15116,15204,15493,16143,16680,16965,17798,17682,9064,17682,8618,95.07943512797881,13582.65,2784.6625284526713,Medium,Fast
Mid Kent,UKJ45,12667,12918,13265,14236,14751,15001,15133,15718,16131,16620,17216,17579,17882,17869,17975,18764,19382,19637,20429,20159,12667,20159,7492,59.14581195231704,16666.6,2408.641425324549,High,Slow
West Kent,UKJ46,15855,16020,16240,17508,17939,18259,18352,19170,19689,20393,21065,21430,21612,21519,21792,22706,23546,24196,25868,25174,15855,25174,9319,58.776411226742354,20416.65,2998.551251503755,Very High,Slow
"Bristol, City of",UKK11,10387,10661,11022,11738,12265,12434,12620,12988,13130,13734,14322,14744,14739,15046,15390,15724,16223,16702,17488,17633,10387,17633,7246,69.760277269664,13949.5,2202.4471198622396,Medium,Moderate
"Bath and North East Somerset, North Somerset and South Gloucestershire",UKK12,12122,12663,13157,13527,13675,13844,14256,14539,15093,15967,16482,17176,17218,17311,17674,18313,18961,19422,20800,21001,12122,21001,8879,73.24698894571853,16160.05,2689.273654138252,High,Moderate
Gloucestershire,UKK13,11799,12112,12510,13243,13746,13811,13900,14512,15440,16193,16626,17200,17347,17522,17717,18360,19100,19852,20712,20532,11799,20532,8733,74.01474701245868,16111.7,2817.3720136250904,High,Moderate
Swindon,UKK14,11137,11739,12215,12971,13599,14006,14134,14263,14598,15102,15374,15669,16163,15883,16082,16593,16948,17444,18194,18536,11137,18536,7399,66.43620364550597,15032.5,2061.241845919207,Medium,Moderate
Wiltshire CC,UKK15,11879,12096,12465,13434,13939,14218,14576,14973,15517,16198,16718,17111,17174,17326,17765,18265,19051,19556,20379,20292,11879,20292,8413,70.82245980301373,16146.6,2658.9999980206253,High,Moderate
Bournemouth and Poole,UKK21,11465,11778,12283,13127,13539,13692,13992,14486,15051,15777,16375,16664,16285,16514,16747,17163,17789,18033,19129,19048,11465,19048,7583,66.1404273877017,15446.85,2319.848889702222,Medium,Moderate
Dorset CC,UKK22,11882,12445,12700,13363,13748,14000,14527,14848,15368,16364,16808,17329,17283,17679,18233,18795,19372,19915,20599,20508,11882,20508,8626,72.59720585759973,16288.3,2778.9685723872067,High,Moderate
Somerset,UKK23,11019,11466,11733,12169,12727,12843,13290,13852,14322,15123,15598,16177,16219,16581,16910,17281,17611,18148,18800,18733,11019,18733,7714,70.00635266358108,15030.1,2525.9211118239414,Medium,Moderate
Cornwall and Isles of Scilly,UKK30,9957,10249,10306,10910,11531,11995,12161,12576,13012,13654,14139,14552,14800,15069,15448,15903,16132,16393,17012,17026,9957,17026,7069,70.9952797027217,13641.25,2339.395893117888,Medium,Moderate
Plymouth,UKK41,9258,9632,9827,10437,10702,10894,11207,11540,11715,12160,12639,13076,13427,13916,14104,14336,14665,14947,15407,15147,9258,15147,5889,63.60985093972781,12451.8,1980.4202265388556,Medium,Moderate
Torbay,UKK42,10051,10176,10502,11346,11393,11575,11914,12313,13014,13556,13787,14496,14752,14928,15190,15636,16095,16511,16937,17069,10051,17069,7018,69.82389811959008,13562.05,2308.5038325150867,Medium,Moderate
Devon CC,UKK43,11216,11441,11701,12044,12562,12988,13169,13660,14264,15028,15513,16247,16666,16520,16694,17292,17804,18081,19028,19088,11216,19088,7872,70.18544935805991,15050.3,2591.047747838497,Medium,Moderate
Isle of Anglesey,UKL11,9644,10059,10199,10754,10932,11208,11746,12419,12576,12662,13182,13996,14274,14445,14808,15346,15696,15840,16395,16468,9644,16468,6824,70.75902115304854,13132.45,2230.640042088463,Medium,Moderate
Gwynedd,UKL12,8964,9081,9505,9938,10504,10984,11221,11871,12273,12895,13045,13179,13380,13406,13580,13988,14217,14555,15123,15188,8964,15188,6224,69.43328871039715,12344.85,1983.8431144199833,Medium,Moderate
Conwy and Denbighshire,UKL13,10441,10555,10722,11294,11698,12156,12516,12961,13568,13718,13957,14621,14516,14668,15152,15704,15823,16056,16434,16432,10441,16432,5991,57.37956134469878,13649.6,2014.6074816854916,Medium,Slow
South West Wales,UKL14,9186,9364,9542,9709,10145,10643,11123,11507,12157,12862,13041,13663,13773,13953,14336,14932,15079,15333,15805,15919,9186,15919,6733,73.29632048769868,12603.6,2308.1029667809794,Medium,Moderate
Central Valleys,UKL15,8120,8128,8449,9244,9910,10355,10590,11102,11455,11715,12130,12484,12507,12698,12862,13346,13578,13736,14226,14525,8120,14525,6405,78.87931034482759,11558.0,2012.8033605946341,Low,Moderate
Gwent Valleys,UKL16,8854,8986,9424,10304,10535,10712,11194,11530,11594,11653,12106,12423,12357,12520,12786,13377,13627,13680,14261,14394,8854,14394,5540,62.57058956403885,11815.85,1657.3799003881174,Low,Moderate
Bridgend and Neath Port Talbot,UKL17,9772,10005,10156,11056,11365,11287,11669,12044,12236,12575,13046,13482,13487,13553,13599,14189,14550,14762,15167,15337,9772,15337,5565,56.94842406876791,12666.85,1721.5301723206965,Medium,Slow
Swansea,UKL18,9501,9728,10104,10570,11271,11611,11847,12175,12157,12546,12730,13775,13899,13527,13572,14121,14169,14808,15067,14911,9501,14911,5410,56.9413745921482,12604.45,1745.0709674907057,Low,Slow
Monmouthshire and Newport,UKL21,9919,9990,10657,11738,12167,12719,12930,13095,13497,13984,14759,15252,14843,15011,15421,16039,16003,16602,17216,17316,9919,17316,7397,74.5740498034076,13957.9,2275.5402805534013,Medium,Moderate
Cardiff and Vale of Glamorgan,UKL22,10004,10372,10822,11512,11887,12343,12806,13135,13248,13845,14107,14669,14748,14895,15123,15450,15531,15818,16388,16515,10004,16515,6511,65.08396641343462,13660.9,1999.3983542424376,Medium,Moderate
Flintshire and Wrexham,UKL23,9772,9916,10266,11315,11566,11860,12311,12811,13026,13332,13616,14089,14037,14291,14813,15304,15664,16094,16830,17119,9772,17119,7347,75.18419975440032,13401.6,2202.919985645846,Medium,Moderate
Powys,UKL24,9348,9309,9867,10761,11101,11386,11902,12775,13242,13724,13942,14581,14559,15030,15241,15791,15952,16065,16447,16303,9348,16303,6955,74.40094137783483,13366.3,2414.9344787886284,Medium,Moderate
Aberdeen City and Aberdeenshire,UKM50,11103,11479,11301,12173,12822,13304,13521,14414,15409,16181,17176,18023,18464,18715,19565,20391,21466,21777,22080,21534,11103,21534,10431,93.9475817346663,16544.9,3861.890809053595,High,Fast
Caithness & Sutherland and Ross & Cromarty,UKM61,9826,10165,10358,10880,11437,12054,12177,12508,13034,13873,14074,14744,15363,15554,16086,17051,17730,17434,18109,18743,9826,18743,8917,90.74903317728476,14060.0,2860.691009639381,Medium,Fast
"Inverness & Nairn and Moray, Badenoch & Strathspey",UKM62,8970,9248,9470,9902,10364,10691,10824,11142,11318,12514,13373,15662,15737,15989,15645,16443,16956,17265,17902,18386,8970,18386,9416,104.97212931995541,13390.05,3262.597148785482,Medium,Very Fast
"Lochaber, Skye & Lochalsh, Arran & Cumbrae and Argyll & Bute",UKM63,8338,8592,8496,9498,10165,10883,11163,11683,12323,13254,13851,14901,15453,15625,15639,16219,16377,16461,17181,17515,8338,17515,9177,110.0623650755577,13180.85,3137.4827703448072,Medium,Very Fast
Na h-Eileanan Siar (Western Isles),UKM64,8721,9095,9001,9478,10131,10693,10973,11337,11901,11572,12712,13279,13789,14164,14373,14566,14787,15237,16525,16479,8721,16479,7758,88.95768833849328,12440.65,2498.1560204742177,Medium,Fast
Orkney Islands,UKM65,8116,8834,9362,9065,9653,9977,10099,11200,11493,12544,13930,14845,15767,16243,17068,17688,17934,17798,17881,18381,8116,18381,10265,126.47856086742237,13393.9,3716.347767138564,Medium,Very Fast
Shetland Islands,UKM66,9475,9378,9610,10868,10790,10851,11288,12165,12611,13494,13911,15260,16806,16819,16739,17423,18093,19131,20135,20124,9475,20124,10649,112.3905013192612,14248.55,3682.595601717554,High,Very Fast
Angus and Dundee City,UKM71,9382,9707,9964,10773,11412,11955,12062,12449,12488,12955,13735,14625,14644,14440,14761,15186,15858,16178,16684,16939,9382,16939,7557,80.54785759965893,13309.85,2344.581306466376,Medium,Fast
Clackmannanshire and Fife,UKM72,9090,9604,9851,10515,10923,11472,11809,12309,12558,12638,13601,14254,14566,14712,14906,15436,16018,16220,16956,17264,9090,17264,8174,89.92299229922992,13235.1,2522.2200934890675,Medium,Fast
East Lothian and Midlothian,UKM73,10113,10529,10962,11543,11794,12137,13123,14060,14671,15188,15812,16432,16660,17220,17566,17981,18857,19235,19931,20139,10113,20139,10026,99.13972115099378,15197.65,3274.8929476276094,High,Fast
"Edinburgh, City of",UKM75,12195,12795,13323,14203,14904,15532,15904,16393,16907,17809,18172,18568,18710,18671,19292,20133,20329,20478,21385,21837,12195,21837,9642,79.06519065190652,17377.0,2888.02485774402,High,Moderate
Falkirk,UKM76,8798,9134,9680,10143,10771,11208,11670,12108,12492,13166,13888,14458,14310,14127,14649,15383,15690,15686,16298,16516,8798,16516,7718,87.72448283700841,13008.75,2458.113844201003,Medium,Fast
Perth & Kinross and Stirling,UKM77,11359,11736,11663,12396,13147,13133,13695,14971,15307,16351,16891,17082,17129,17094,17998,18476,18884,18964,19539,19747,11359,19747,8388,73.8445285676556,15778.1,2829.3083383901817,Medium,Moderate
West Lothian,UKM78,8475,8960,9519,10568,11178,11745,12209,12462,12585,13264,14488,14469,14286,14532,14749,15264,15715,16127,16629,16390,8475,16390,7915,93.39233038348083,13180.7,2498.385080512273,Medium,Fast
"East Dunbartonshire, West Dunbartonshire and Helensburgh & Lomond",UKM81,9459,9888,10927,11877,12242,12747,12975,13349,13933,14598,15133,15906,16200,16457,16731,17365,17558,17668,18418,18824,9459,18824,9365,99.0062374458188,14612.75,2846.4730877831403,Medium,Fast
Glasgow City,UKM82,9036,9349,9753,10492,10941,11423,11819,12068,12226,12778,13515,13776,14033,13886,13976,14429,14597,14913,15194,15311,9036,15311,6275,69.44444444444444,12675.75,1993.2782010652966,Medium,Moderate
"Inverclyde, East Renfrewshire and Renfrewshire",UKM83,10470,10838,11193,12067,12758,12938,13178,13499,13977,14563,15123,15842,16074,16012,16094,16647,17255,17480,18501,18816,10470,18816,8346,79.71346704871061,14666.25,2509.6144781514486,Medium,Moderate
North Lanarkshire,UKM84,8793,9143,9397,10093,10561,10955,11213,11541,11951,12140,12915,13484,13620,13691,13899,14323,14730,15309,15838,16171,8793,16171,7378,83.90765381553508,12488.35,2249.682978250842,Medium,Fast
Scottish Borders,UKM91,9689,10217,10321,11109,11506,11967,12860,13607,14123,14746,15308,15931,16197,16487,16808,16847,17549,18290,18705,18923,9689,18923,9234,95.30395293631953,14559.5,2997.552308485252,Medium,Fast
Dumfries & Galloway,UKM92,9435,9759,9877,10403,10691,11169,11561,12171,12307,12982,13736,14503,15016,15109,15317,15885,16256,16513,17182,17759,9435,17759,8324,88.22469528351881,13381.55,2683.3431519380133,Medium,Fast
East Ayrshire and North Ayrshire mainland,UKM93,8464,8689,8753,9522,10190,10759,11056,11656,11982,12381,13121,13349,13606,14077,14207,14544,15199,15403,15905,16443,8464,16443,7979,94.26984877126654,12465.3,2512.141487383141,Medium,Fast
South Ayrshire,UKM94,9659,9968,10298,10886,11572,12055,12738,13411,13701,14469,14781,15472,15795,16168,16570,17225,17645,17804,18189,18631,9659,18631,8972,92.88746247023502,14351.85,2923.6703190015332,Medium,Fast
South Lanarkshire,UKM95,9748,10211,10497,11185,11436,12207,12272,12895,13489,13781,14486,14961,15112,15429,15738,16226,16466,16554,17247,17311,9748,17311,7563,77.58514567090685,13862.55,2439.610289736759,Medium,Moderate
Belfast,UKN06,9957,10196,10403,11019,11326,11760,11846,12128,12335,12851,12948,13577,13911,13794,14018,14347,14779,14895,15304,15565,9957,15565,5608,56.32218539720799,12847.95,1739.862108117525,Medium,Slow
"Armagh City, Banbridge and Craigavon",UKN07,8685,8831,9072,9413,9755,10295,10786,11536,12109,12858,13218,13390,13369,13447,13794,13866,14493,15187,15522,15582,8685,15582,6897,79.41278065630397,12260.4,2305.7910481860094,Medium,Moderate
"Newry, Mourne and Down",UKN08,8535,8696,8923,9432,9655,10153,10751,11408,12203,12872,13001,13183,13188,13113,13637,13808,14214,14537,14812,14721,8535,14721,6186,72.4780316344464,12042.1,2154.8210793962744,Low,Moderate
Ards and North Down,UKN09,9608,9748,9987,10664,10999,11614,11995,12464,13002,13598,14021,14445,14597,14578,15005,15415,16008,16170,16914,17035,9608,17035,7427,77.30016652789342,13393.35,2404.1900764465795,Medium,Moderate
Derry City and Strabane,UKN10,7132,7196,7470,7868,8320,9042,9674,10390,11258,11775,11862,11916,12119,12262,12713,13030,13380,13718,13924,14036,7132,14036,6904,96.80314077397645,10954.25,2381.67567890208,Low,Fast
Mid Ulster,UKN11,7833,7941,8242,8731,8947,9345,10159,11041,11719,12279,12395,12344,12281,12263,12763,12916,13325,13950,14660,14647,7833,14647,6814,86.99093578450146,11389.05,2218.3771326425945,Low,Fast
Causeway Coast and Glens,UKN12,7144,7193,7461,7950,8522,9254,9781,10393,11298,11849,11872,11790,12154,12343,13002,13225,13606,14043,14913,15132,7144,15132,7988,111.81410974244122,11146.25,2560.1068619760467,Medium,Very Fast
Antrim and Newtownabbey,UKN13,9390,9521,9787,10615,10862,11438,11851,12405,12829,13340,13866,14237,14335,14214,14683,15156,15647,16074,16592,16849,9390,16849,7459,79.43556975505858,13184.55,2367.390712755735,Medium,Moderate
Lisburn and Castlereagh,UKN14,9443,9566,9873,10826,11153,11715,12194,12707,13221,13658,14191,14528,14641,14573,14855,15471,16103,16448,17421,17684,9443,17684,8241,87.27099438737689,13513.55,2527.990807673994,Medium,Fast
Mid and East Antrim,UKN15,9331,9494,9709,10469,10545,11127,11617,12215,12703,13348,13768,14132,14271,14197,14584,15048,15543,16146,17005,17315,9331,17315,7984,85.56424820490837,13128.35,2487.6581520737427,Medium,Fast
Fermanagh and Omagh,UKN16,7772,7878,8194,8552,8880,9281,10130,11017,11788,12396,12477,12502,12497,12463,12916,13158,13329,13607,14522,14722,7772,14722,6950,89.42357179619145,11404.05,2261.4594606371484,Low,Fast
